data,model,elpd_diff,se_diff,elpd_loo,se_elpd_loo,p_loo,se_p_loo,looic,se_looic
mog,mog,0,0,-11614.08916196978,57.50116363553335,5.97165186865822,0.43495040804772056,23228.17832393956,115.0023272710667
mog,uvlm,-324.50531298353025,30.414610397052517,-11938.594474953301,66.20001694889804,6.614071107204083,1.1473553580111353,23877.188949906602,132.40003389779608
uvlm,uvlm,0,0,-11787.924275322426,52.807537492424764,3.88960531917638,0.1901789660996241,23575.848550644852,105.61507498484953
uvlm,mog,-6.127533137667976,2.1770823628511846,-11794.05180846013,52.72867478837713,4.378818301494447,0.21053030621370694,23588.10361692026,105.45734957675425
